<?xml version="1.0" encoding="UTF-8"?>
<project-private xmlns="http://www.netbeans.org/ns/project-private/1">
    <editor-bookmarks xmlns="http://www.netbeans.org/ns/editor-bookmarks/2" lastBookmarkId="0"/>
    <open-files xmlns="http://www.netbeans.org/ns/projectui-open-files/2">
        <group>
            <file>file:/C:/Users/USER/JavaPractice/BusTicketManagement/src/seller/Tickets.java</file>
            <file>file:/C:/Users/USER/JavaPractice/BusTicketManagement/src/seller/SelectPromptOption.java</file>
            <file>file:/C:/Users/USER/JavaPractice/BusTicketManagement/src/seller/IndividualBusFile.java</file>
            <file>file:/C:/Users/USER/JavaPractice/BusTicketManagement/src/customer/CustomerInfo.java</file>
            <file>file:/C:/Users/USER/JavaPractice/BusTicketManagement/src/DriverPackage/DriverClass.java</file>
            <file>file:/C:/Users/USER/JavaPractice/BusTicketManagement/src/seller/Revenue.java</file>
            <file>file:/C:/Users/USER/JavaPractice/BusTicketManagement/src/seller/AddNewBus.java</file>
            <file>file:/C:/Users/USER/JavaPractice/BusTicketManagement/src/seller/Bus.java</file>
        </group>
    </open-files>
</project-private>
